{
  "ABIRoot": {
    "kind": "Root",
    "name": "HydraPushNotificationServiceExtension",
    "printedName": "HydraPushNotificationServiceExtension",
    "children": [
      {
        "kind": "Import",
        "name": "UserNotifications",
        "printedName": "UserNotifications",
        "declKind": "Import",
        "moduleName": "HydraPushNotificationServiceExtension",
        "declAttributes": [
          "RawDocComment"
        ]
      },
      {
        "kind": "Import",
        "name": "HydraCore",
        "printedName": "HydraCore",
        "declKind": "Import",
        "moduleName": "HydraPushNotificationServiceExtension"
      },
      {
        "kind": "Import",
        "name": "UserNotifications",
        "printedName": "UserNotifications",
        "declKind": "Import",
        "moduleName": "HydraPushNotificationServiceExtension",
        "declAttributes": [
          "RawDocComment"
        ]
      },
      {
        "kind": "Import",
        "name": "HydraCore",
        "printedName": "HydraCore",
        "declKind": "Import",
        "moduleName": "HydraPushNotificationServiceExtension"
      },
      {
        "kind": "Import",
        "name": "HydraPushNotification",
        "printedName": "HydraPushNotification",
        "declKind": "Import",
        "moduleName": "HydraPushNotificationServiceExtension"
      },
      {
        "kind": "TypeDecl",
        "name": "HydraRemoteNotificationService",
        "printedName": "HydraRemoteNotificationService",
        "children": [
          {
            "kind": "Var",
            "name": "contentHandler",
            "printedName": "contentHandler",
            "children": [
              {
                "kind": "TypeNominal",
                "name": "Optional",
                "printedName": "((UserNotifications.UNNotificationContent) -> ())?",
                "children": [
                  {
                    "kind": "TypeFunc",
                    "name": "Function",
                    "printedName": "(UserNotifications.UNNotificationContent) -> ()",
                    "children": [
                      {
                        "kind": "TypeNominal",
                        "name": "Void",
                        "printedName": "()"
                      },
                      {
                        "kind": "TypeNominal",
                        "name": "UNNotificationContent",
                        "printedName": "UserNotifications.UNNotificationContent",
                        "usr": "c:objc(cs)UNNotificationContent"
                      }
                    ]
                  }
                ],
                "usr": "s:Sq"
              }
            ],
            "declKind": "Var",
            "usr": "s:37HydraPushNotificationServiceExtension0a6RemotecD0C14contentHandlerySo21UNNotificationContentCcSgvp",
            "mangledName": "$s37HydraPushNotificationServiceExtension0a6RemotecD0C14contentHandlerySo21UNNotificationContentCcSgvp",
            "moduleName": "HydraPushNotificationServiceExtension",
            "isOpen": true,
            "declAttributes": [
              "HasInitialValue",
              "HasStorage"
            ],
            "hasStorage": true,
            "accessors": [
              {
                "kind": "Accessor",
                "name": "Get",
                "printedName": "Get()",
                "children": [
                  {
                    "kind": "TypeNominal",
                    "name": "Optional",
                    "printedName": "((UserNotifications.UNNotificationContent) -> ())?",
                    "children": [
                      {
                        "kind": "TypeFunc",
                        "name": "Function",
                        "printedName": "(UserNotifications.UNNotificationContent) -> ()",
                        "children": [
                          {
                            "kind": "TypeNominal",
                            "name": "Void",
                            "printedName": "()"
                          },
                          {
                            "kind": "TypeNominal",
                            "name": "UNNotificationContent",
                            "printedName": "UserNotifications.UNNotificationContent",
                            "usr": "c:objc(cs)UNNotificationContent"
                          }
                        ]
                      }
                    ],
                    "usr": "s:Sq"
                  }
                ],
                "declKind": "Accessor",
                "usr": "s:37HydraPushNotificationServiceExtension0a6RemotecD0C14contentHandlerySo21UNNotificationContentCcSgvg",
                "mangledName": "$s37HydraPushNotificationServiceExtension0a6RemotecD0C14contentHandlerySo21UNNotificationContentCcSgvg",
                "moduleName": "HydraPushNotificationServiceExtension",
                "implicit": true,
                "isOpen": true,
                "accessorKind": "get"
              },
              {
                "kind": "Accessor",
                "name": "Set",
                "printedName": "Set()",
                "children": [
                  {
                    "kind": "TypeNominal",
                    "name": "Void",
                    "printedName": "()"
                  },
                  {
                    "kind": "TypeNominal",
                    "name": "Optional",
                    "printedName": "((UserNotifications.UNNotificationContent) -> ())?",
                    "children": [
                      {
                        "kind": "TypeFunc",
                        "name": "Function",
                        "printedName": "(UserNotifications.UNNotificationContent) -> ()",
                        "children": [
                          {
                            "kind": "TypeNominal",
                            "name": "Void",
                            "printedName": "()"
                          },
                          {
                            "kind": "TypeNominal",
                            "name": "UNNotificationContent",
                            "printedName": "UserNotifications.UNNotificationContent",
                            "usr": "c:objc(cs)UNNotificationContent"
                          }
                        ]
                      }
                    ],
                    "usr": "s:Sq"
                  }
                ],
                "declKind": "Accessor",
                "usr": "s:37HydraPushNotificationServiceExtension0a6RemotecD0C14contentHandlerySo21UNNotificationContentCcSgvs",
                "mangledName": "$s37HydraPushNotificationServiceExtension0a6RemotecD0C14contentHandlerySo21UNNotificationContentCcSgvs",
                "moduleName": "HydraPushNotificationServiceExtension",
                "implicit": true,
                "isOpen": true,
                "accessorKind": "set"
              },
              {
                "kind": "Accessor",
                "name": "Modify",
                "printedName": "Modify()",
                "children": [
                  {
                    "kind": "TypeNominal",
                    "name": "Void",
                    "printedName": "()"
                  }
                ],
                "declKind": "Accessor",
                "usr": "s:37HydraPushNotificationServiceExtension0a6RemotecD0C14contentHandlerySo21UNNotificationContentCcSgvM",
                "mangledName": "$s37HydraPushNotificationServiceExtension0a6RemotecD0C14contentHandlerySo21UNNotificationContentCcSgvM",
                "moduleName": "HydraPushNotificationServiceExtension",
                "implicit": true,
                "isOpen": true,
                "accessorKind": "_modify"
              }
            ]
          },
          {
            "kind": "Var",
            "name": "bestAttemptContent",
            "printedName": "bestAttemptContent",
            "children": [
              {
                "kind": "TypeNominal",
                "name": "Optional",
                "printedName": "UserNotifications.UNMutableNotificationContent?",
                "children": [
                  {
                    "kind": "TypeNominal",
                    "name": "UNMutableNotificationContent",
                    "printedName": "UserNotifications.UNMutableNotificationContent",
                    "usr": "c:objc(cs)UNMutableNotificationContent"
                  }
                ],
                "usr": "s:Sq"
              }
            ],
            "declKind": "Var",
            "usr": "s:37HydraPushNotificationServiceExtension0a6RemotecD0C18bestAttemptContentSo09UNMutablecI0CSgvp",
            "mangledName": "$s37HydraPushNotificationServiceExtension0a6RemotecD0C18bestAttemptContentSo09UNMutablecI0CSgvp",
            "moduleName": "HydraPushNotificationServiceExtension",
            "isOpen": true,
            "declAttributes": [
              "HasInitialValue",
              "HasStorage"
            ],
            "hasStorage": true,
            "accessors": [
              {
                "kind": "Accessor",
                "name": "Get",
                "printedName": "Get()",
                "children": [
                  {
                    "kind": "TypeNominal",
                    "name": "Optional",
                    "printedName": "UserNotifications.UNMutableNotificationContent?",
                    "children": [
                      {
                        "kind": "TypeNominal",
                        "name": "UNMutableNotificationContent",
                        "printedName": "UserNotifications.UNMutableNotificationContent",
                        "usr": "c:objc(cs)UNMutableNotificationContent"
                      }
                    ],
                    "usr": "s:Sq"
                  }
                ],
                "declKind": "Accessor",
                "usr": "s:37HydraPushNotificationServiceExtension0a6RemotecD0C18bestAttemptContentSo09UNMutablecI0CSgvg",
                "mangledName": "$s37HydraPushNotificationServiceExtension0a6RemotecD0C18bestAttemptContentSo09UNMutablecI0CSgvg",
                "moduleName": "HydraPushNotificationServiceExtension",
                "implicit": true,
                "isOpen": true,
                "accessorKind": "get"
              },
              {
                "kind": "Accessor",
                "name": "Set",
                "printedName": "Set()",
                "children": [
                  {
                    "kind": "TypeNominal",
                    "name": "Void",
                    "printedName": "()"
                  },
                  {
                    "kind": "TypeNominal",
                    "name": "Optional",
                    "printedName": "UserNotifications.UNMutableNotificationContent?",
                    "children": [
                      {
                        "kind": "TypeNominal",
                        "name": "UNMutableNotificationContent",
                        "printedName": "UserNotifications.UNMutableNotificationContent",
                        "usr": "c:objc(cs)UNMutableNotificationContent"
                      }
                    ],
                    "usr": "s:Sq"
                  }
                ],
                "declKind": "Accessor",
                "usr": "s:37HydraPushNotificationServiceExtension0a6RemotecD0C18bestAttemptContentSo09UNMutablecI0CSgvs",
                "mangledName": "$s37HydraPushNotificationServiceExtension0a6RemotecD0C18bestAttemptContentSo09UNMutablecI0CSgvs",
                "moduleName": "HydraPushNotificationServiceExtension",
                "implicit": true,
                "isOpen": true,
                "accessorKind": "set"
              },
              {
                "kind": "Accessor",
                "name": "Modify",
                "printedName": "Modify()",
                "children": [
                  {
                    "kind": "TypeNominal",
                    "name": "Void",
                    "printedName": "()"
                  }
                ],
                "declKind": "Accessor",
                "usr": "s:37HydraPushNotificationServiceExtension0a6RemotecD0C18bestAttemptContentSo09UNMutablecI0CSgvM",
                "mangledName": "$s37HydraPushNotificationServiceExtension0a6RemotecD0C18bestAttemptContentSo09UNMutablecI0CSgvM",
                "moduleName": "HydraPushNotificationServiceExtension",
                "implicit": true,
                "isOpen": true,
                "accessorKind": "_modify"
              }
            ]
          },
          {
            "kind": "Function",
            "name": "didReceive",
            "printedName": "didReceive(_:withContentHandler:)",
            "children": [
              {
                "kind": "TypeNominal",
                "name": "Void",
                "printedName": "()"
              },
              {
                "kind": "TypeNominal",
                "name": "UNNotificationRequest",
                "printedName": "UserNotifications.UNNotificationRequest",
                "usr": "c:objc(cs)UNNotificationRequest"
              },
              {
                "kind": "TypeFunc",
                "name": "Function",
                "printedName": "(UserNotifications.UNNotificationContent) -> ()",
                "children": [
                  {
                    "kind": "TypeNominal",
                    "name": "Void",
                    "printedName": "()"
                  },
                  {
                    "kind": "TypeNominal",
                    "name": "UNNotificationContent",
                    "printedName": "UserNotifications.UNNotificationContent",
                    "usr": "c:objc(cs)UNNotificationContent"
                  }
                ]
              }
            ],
            "declKind": "Func",
            "usr": "c:@M@HydraPushNotificationServiceExtension@objc(cs)HydraRemoteNotificationService(im)didReceiveNotificationRequest:withContentHandler:",
            "mangledName": "$s37HydraPushNotificationServiceExtension0a6RemotecD0C10didReceive_18withContentHandlerySo21UNNotificationRequestC_ySo0lJ0CctF",
            "moduleName": "HydraPushNotificationServiceExtension",
            "overriding": true,
            "isOpen": true,
            "objc_name": "didReceiveNotificationRequest:withContentHandler:",
            "declAttributes": [
              "Dynamic",
              "ObjC",
              "Override",
              "AccessControl",
              "RawDocComment"
            ],
            "funcSelfKind": "NonMutating"
          },
          {
            "kind": "Function",
            "name": "serviceExtensionTimeWillExpire",
            "printedName": "serviceExtensionTimeWillExpire()",
            "children": [
              {
                "kind": "TypeNominal",
                "name": "Void",
                "printedName": "()"
              }
            ],
            "declKind": "Func",
            "usr": "c:@M@HydraPushNotificationServiceExtension@objc(cs)HydraRemoteNotificationService(im)serviceExtensionTimeWillExpire",
            "mangledName": "$s37HydraPushNotificationServiceExtension0a6RemotecD0C07serviceE14TimeWillExpireyyF",
            "moduleName": "HydraPushNotificationServiceExtension",
            "overriding": true,
            "isOpen": true,
            "objc_name": "serviceExtensionTimeWillExpire",
            "declAttributes": [
              "Dynamic",
              "ObjC",
              "Override",
              "AccessControl"
            ],
            "funcSelfKind": "NonMutating"
          },
          {
            "kind": "Constructor",
            "name": "init",
            "printedName": "init()",
            "children": [
              {
                "kind": "TypeNominal",
                "name": "HydraRemoteNotificationService",
                "printedName": "HydraPushNotificationServiceExtension.HydraRemoteNotificationService",
                "usr": "c:@M@HydraPushNotificationServiceExtension@objc(cs)HydraRemoteNotificationService"
              }
            ],
            "declKind": "Constructor",
            "usr": "c:@M@HydraPushNotificationServiceExtension@objc(cs)HydraRemoteNotificationService(im)init",
            "mangledName": "$s37HydraPushNotificationServiceExtension0a6RemotecD0CACycfc",
            "moduleName": "HydraPushNotificationServiceExtension",
            "overriding": true,
            "implicit": true,
            "objc_name": "init",
            "declAttributes": [
              "Dynamic",
              "ObjC",
              "Override"
            ],
            "init_kind": "Designated"
          }
        ],
        "declKind": "Class",
        "usr": "c:@M@HydraPushNotificationServiceExtension@objc(cs)HydraRemoteNotificationService",
        "mangledName": "$s37HydraPushNotificationServiceExtension0a6RemotecD0C",
        "moduleName": "HydraPushNotificationServiceExtension",
        "isOpen": true,
        "declAttributes": [
          "AccessControl",
          "ObjC"
        ],
        "superclassUsr": "c:objc(cs)UNNotificationServiceExtension",
        "inheritsConvenienceInitializers": true,
        "superclassNames": [
          "UserNotifications.UNNotificationServiceExtension",
          "ObjectiveC.NSObject"
        ],
        "conformances": [
          {
            "kind": "Conformance",
            "name": "Copyable",
            "printedName": "Copyable",
            "usr": "s:s8CopyableP",
            "mangledName": "$ss8CopyableP"
          },
          {
            "kind": "Conformance",
            "name": "Escapable",
            "printedName": "Escapable",
            "usr": "s:s9EscapableP",
            "mangledName": "$ss9EscapableP"
          },
          {
            "kind": "Conformance",
            "name": "Equatable",
            "printedName": "Equatable",
            "usr": "s:SQ",
            "mangledName": "$sSQ"
          },
          {
            "kind": "Conformance",
            "name": "Hashable",
            "printedName": "Hashable",
            "usr": "s:SH",
            "mangledName": "$sSH"
          },
          {
            "kind": "Conformance",
            "name": "CVarArg",
            "printedName": "CVarArg",
            "usr": "s:s7CVarArgP",
            "mangledName": "$ss7CVarArgP"
          },
          {
            "kind": "Conformance",
            "name": "_KeyValueCodingAndObservingPublishing",
            "printedName": "_KeyValueCodingAndObservingPublishing",
            "usr": "s:10Foundation37_KeyValueCodingAndObservingPublishingP",
            "mangledName": "$s10Foundation37_KeyValueCodingAndObservingPublishingP"
          },
          {
            "kind": "Conformance",
            "name": "_KeyValueCodingAndObserving",
            "printedName": "_KeyValueCodingAndObserving",
            "usr": "s:10Foundation27_KeyValueCodingAndObservingP",
            "mangledName": "$s10Foundation27_KeyValueCodingAndObservingP"
          },
          {
            "kind": "Conformance",
            "name": "CustomStringConvertible",
            "printedName": "CustomStringConvertible",
            "usr": "s:s23CustomStringConvertibleP",
            "mangledName": "$ss23CustomStringConvertibleP"
          },
          {
            "kind": "Conformance",
            "name": "CustomDebugStringConvertible",
            "printedName": "CustomDebugStringConvertible",
            "usr": "s:s28CustomDebugStringConvertibleP",
            "mangledName": "$ss28CustomDebugStringConvertibleP"
          }
        ]
      },
      {
        "kind": "Import",
        "name": "UserNotifications",
        "printedName": "UserNotifications",
        "declKind": "Import",
        "moduleName": "HydraPushNotificationServiceExtension",
        "declAttributes": [
          "RawDocComment"
        ]
      },
      {
        "kind": "Import",
        "name": "HydraCore",
        "printedName": "HydraCore",
        "declKind": "Import",
        "moduleName": "HydraPushNotificationServiceExtension"
      },
      {
        "kind": "Import",
        "name": "Foundation",
        "printedName": "Foundation",
        "declKind": "Import",
        "moduleName": "HydraPushNotificationServiceExtension",
        "declAttributes": [
          "RawDocComment"
        ]
      },
      {
        "kind": "Import",
        "name": "CryptoKit",
        "printedName": "CryptoKit",
        "declKind": "Import",
        "moduleName": "HydraPushNotificationServiceExtension"
      },
      {
        "kind": "TypeDecl",
        "name": "HydraCryptoOpsGenerator",
        "printedName": "HydraCryptoOpsGenerator",
        "children": [
          {
            "kind": "Var",
            "name": "baseKey",
            "printedName": "baseKey",
            "children": [
              {
                "kind": "TypeNominal",
                "name": "String",
                "printedName": "Swift.String",
                "usr": "s:SS"
              }
            ],
            "declKind": "Var",
            "usr": "s:37HydraPushNotificationServiceExtension0A18CryptoOpsGeneratorP7baseKeySSvp",
            "mangledName": "$s37HydraPushNotificationServiceExtension0A18CryptoOpsGeneratorP7baseKeySSvp",
            "moduleName": "HydraPushNotificationServiceExtension",
            "protocolReq": true,
            "accessors": [
              {
                "kind": "Accessor",
                "name": "Get",
                "printedName": "Get()",
                "children": [
                  {
                    "kind": "TypeNominal",
                    "name": "String",
                    "printedName": "Swift.String",
                    "usr": "s:SS"
                  }
                ],
                "declKind": "Accessor",
                "usr": "s:37HydraPushNotificationServiceExtension0A18CryptoOpsGeneratorP7baseKeySSvg",
                "mangledName": "$s37HydraPushNotificationServiceExtension0A18CryptoOpsGeneratorP7baseKeySSvg",
                "moduleName": "HydraPushNotificationServiceExtension",
                "genericSig": "<τ_0_0 where τ_0_0 : HydraPushNotificationServiceExtension.HydraCryptoOpsGenerator>",
                "sugared_genericSig": "<Self where Self : HydraPushNotificationServiceExtension.HydraCryptoOpsGenerator>",
                "protocolReq": true,
                "reqNewWitnessTableEntry": true,
                "accessorKind": "get"
              },
              {
                "kind": "Accessor",
                "name": "Set",
                "printedName": "Set()",
                "children": [
                  {
                    "kind": "TypeNominal",
                    "name": "Void",
                    "printedName": "()"
                  },
                  {
                    "kind": "TypeNominal",
                    "name": "String",
                    "printedName": "Swift.String",
                    "usr": "s:SS"
                  }
                ],
                "declKind": "Accessor",
                "usr": "s:37HydraPushNotificationServiceExtension0A18CryptoOpsGeneratorP7baseKeySSvs",
                "mangledName": "$s37HydraPushNotificationServiceExtension0A18CryptoOpsGeneratorP7baseKeySSvs",
                "moduleName": "HydraPushNotificationServiceExtension",
                "genericSig": "<τ_0_0 where τ_0_0 : HydraPushNotificationServiceExtension.HydraCryptoOpsGenerator>",
                "sugared_genericSig": "<Self where Self : HydraPushNotificationServiceExtension.HydraCryptoOpsGenerator>",
                "protocolReq": true,
                "reqNewWitnessTableEntry": true,
                "accessorKind": "set"
              },
              {
                "kind": "Accessor",
                "name": "Modify",
                "printedName": "Modify()",
                "children": [
                  {
                    "kind": "TypeNominal",
                    "name": "Void",
                    "printedName": "()"
                  }
                ],
                "declKind": "Accessor",
                "usr": "s:37HydraPushNotificationServiceExtension0A18CryptoOpsGeneratorP7baseKeySSvM",
                "mangledName": "$s37HydraPushNotificationServiceExtension0A18CryptoOpsGeneratorP7baseKeySSvM",
                "moduleName": "HydraPushNotificationServiceExtension",
                "genericSig": "<τ_0_0 where τ_0_0 : HydraPushNotificationServiceExtension.HydraCryptoOpsGenerator>",
                "sugared_genericSig": "<Self where Self : HydraPushNotificationServiceExtension.HydraCryptoOpsGenerator>",
                "protocolReq": true,
                "implicit": true,
                "reqNewWitnessTableEntry": true,
                "accessorKind": "_modify"
              }
            ]
          },
          {
            "kind": "Var",
            "name": "symKey",
            "printedName": "symKey",
            "children": [
              {
                "kind": "TypeNominal",
                "name": "SymmetricKey",
                "printedName": "CryptoKit.SymmetricKey",
                "usr": "s:9CryptoKit12SymmetricKeyV"
              }
            ],
            "declKind": "Var",
            "usr": "s:37HydraPushNotificationServiceExtension0A18CryptoOpsGeneratorP6symKey0F3Kit09SymmetricJ0Vvp",
            "mangledName": "$s37HydraPushNotificationServiceExtension0A18CryptoOpsGeneratorP6symKey0F3Kit09SymmetricJ0Vvp",
            "moduleName": "HydraPushNotificationServiceExtension",
            "protocolReq": true,
            "accessors": [
              {
                "kind": "Accessor",
                "name": "Get",
                "printedName": "Get()",
                "children": [
                  {
                    "kind": "TypeNominal",
                    "name": "SymmetricKey",
                    "printedName": "CryptoKit.SymmetricKey",
                    "usr": "s:9CryptoKit12SymmetricKeyV"
                  }
                ],
                "declKind": "Accessor",
                "usr": "s:37HydraPushNotificationServiceExtension0A18CryptoOpsGeneratorP6symKey0F3Kit09SymmetricJ0Vvg",
                "mangledName": "$s37HydraPushNotificationServiceExtension0A18CryptoOpsGeneratorP6symKey0F3Kit09SymmetricJ0Vvg",
                "moduleName": "HydraPushNotificationServiceExtension",
                "genericSig": "<τ_0_0 where τ_0_0 : HydraPushNotificationServiceExtension.HydraCryptoOpsGenerator>",
                "sugared_genericSig": "<Self where Self : HydraPushNotificationServiceExtension.HydraCryptoOpsGenerator>",
                "protocolReq": true,
                "reqNewWitnessTableEntry": true,
                "accessorKind": "get"
              },
              {
                "kind": "Accessor",
                "name": "Set",
                "printedName": "Set()",
                "children": [
                  {
                    "kind": "TypeNominal",
                    "name": "Void",
                    "printedName": "()"
                  },
                  {
                    "kind": "TypeNominal",
                    "name": "SymmetricKey",
                    "printedName": "CryptoKit.SymmetricKey",
                    "usr": "s:9CryptoKit12SymmetricKeyV"
                  }
                ],
                "declKind": "Accessor",
                "usr": "s:37HydraPushNotificationServiceExtension0A18CryptoOpsGeneratorP6symKey0F3Kit09SymmetricJ0Vvs",
                "mangledName": "$s37HydraPushNotificationServiceExtension0A18CryptoOpsGeneratorP6symKey0F3Kit09SymmetricJ0Vvs",
                "moduleName": "HydraPushNotificationServiceExtension",
                "genericSig": "<τ_0_0 where τ_0_0 : HydraPushNotificationServiceExtension.HydraCryptoOpsGenerator>",
                "sugared_genericSig": "<Self where Self : HydraPushNotificationServiceExtension.HydraCryptoOpsGenerator>",
                "protocolReq": true,
                "reqNewWitnessTableEntry": true,
                "accessorKind": "set"
              },
              {
                "kind": "Accessor",
                "name": "Modify",
                "printedName": "Modify()",
                "children": [
                  {
                    "kind": "TypeNominal",
                    "name": "Void",
                    "printedName": "()"
                  }
                ],
                "declKind": "Accessor",
                "usr": "s:37HydraPushNotificationServiceExtension0A18CryptoOpsGeneratorP6symKey0F3Kit09SymmetricJ0VvM",
                "mangledName": "$s37HydraPushNotificationServiceExtension0A18CryptoOpsGeneratorP6symKey0F3Kit09SymmetricJ0VvM",
                "moduleName": "HydraPushNotificationServiceExtension",
                "genericSig": "<τ_0_0 where τ_0_0 : HydraPushNotificationServiceExtension.HydraCryptoOpsGenerator>",
                "sugared_genericSig": "<Self where Self : HydraPushNotificationServiceExtension.HydraCryptoOpsGenerator>",
                "protocolReq": true,
                "implicit": true,
                "reqNewWitnessTableEntry": true,
                "accessorKind": "_modify"
              }
            ]
          },
          {
            "kind": "Function",
            "name": "encrypt",
            "printedName": "encrypt(message:)",
            "children": [
              {
                "kind": "TypeNominal",
                "name": "Optional",
                "printedName": "Foundation.Data?",
                "children": [
                  {
                    "kind": "TypeNominal",
                    "name": "Data",
                    "printedName": "Foundation.Data",
                    "usr": "s:10Foundation4DataV"
                  }
                ],
                "usr": "s:Sq"
              },
              {
                "kind": "TypeNominal",
                "name": "String",
                "printedName": "Swift.String",
                "usr": "s:SS"
              }
            ],
            "declKind": "Func",
            "usr": "s:37HydraPushNotificationServiceExtension0A18CryptoOpsGeneratorP7encrypt7message10Foundation4DataVSgSS_tYaF",
            "mangledName": "$s37HydraPushNotificationServiceExtension0A18CryptoOpsGeneratorP7encrypt7message10Foundation4DataVSgSS_tYaF",
            "moduleName": "HydraPushNotificationServiceExtension",
            "genericSig": "<τ_0_0 where τ_0_0 : HydraPushNotificationServiceExtension.HydraCryptoOpsGenerator>",
            "sugared_genericSig": "<Self where Self : HydraPushNotificationServiceExtension.HydraCryptoOpsGenerator>",
            "protocolReq": true,
            "reqNewWitnessTableEntry": true,
            "funcSelfKind": "NonMutating"
          },
          {
            "kind": "Function",
            "name": "decrypt",
            "printedName": "decrypt(message:)",
            "children": [
              {
                "kind": "TypeNominal",
                "name": "Optional",
                "printedName": "Foundation.Data?",
                "children": [
                  {
                    "kind": "TypeNominal",
                    "name": "Data",
                    "printedName": "Foundation.Data",
                    "usr": "s:10Foundation4DataV"
                  }
                ],
                "usr": "s:Sq"
              },
              {
                "kind": "TypeNominal",
                "name": "Data",
                "printedName": "Foundation.Data",
                "usr": "s:10Foundation4DataV"
              }
            ],
            "declKind": "Func",
            "usr": "s:37HydraPushNotificationServiceExtension0A18CryptoOpsGeneratorP7decrypt7message10Foundation4DataVSgAH_tYaF",
            "mangledName": "$s37HydraPushNotificationServiceExtension0A18CryptoOpsGeneratorP7decrypt7message10Foundation4DataVSgAH_tYaF",
            "moduleName": "HydraPushNotificationServiceExtension",
            "genericSig": "<τ_0_0 where τ_0_0 : HydraPushNotificationServiceExtension.HydraCryptoOpsGenerator>",
            "sugared_genericSig": "<Self where Self : HydraPushNotificationServiceExtension.HydraCryptoOpsGenerator>",
            "protocolReq": true,
            "reqNewWitnessTableEntry": true,
            "funcSelfKind": "NonMutating"
          },
          {
            "kind": "Function",
            "name": "symKeyGenerator",
            "printedName": "symKeyGenerator()",
            "children": [
              {
                "kind": "TypeNominal",
                "name": "SymmetricKey",
                "printedName": "CryptoKit.SymmetricKey",
                "usr": "s:9CryptoKit12SymmetricKeyV"
              }
            ],
            "declKind": "Func",
            "usr": "s:37HydraPushNotificationServiceExtension0A18CryptoOpsGeneratorP06symKeyH00F3Kit09SymmetricJ0VyF",
            "mangledName": "$s37HydraPushNotificationServiceExtension0A18CryptoOpsGeneratorP06symKeyH00F3Kit09SymmetricJ0VyF",
            "moduleName": "HydraPushNotificationServiceExtension",
            "genericSig": "<τ_0_0 where τ_0_0 : HydraPushNotificationServiceExtension.HydraCryptoOpsGenerator>",
            "sugared_genericSig": "<Self where Self : HydraPushNotificationServiceExtension.HydraCryptoOpsGenerator>",
            "protocolReq": true,
            "reqNewWitnessTableEntry": true,
            "funcSelfKind": "NonMutating"
          }
        ],
        "declKind": "Protocol",
        "usr": "s:37HydraPushNotificationServiceExtension0A18CryptoOpsGeneratorP",
        "mangledName": "$s37HydraPushNotificationServiceExtension0A18CryptoOpsGeneratorP",
        "moduleName": "HydraPushNotificationServiceExtension",
        "genericSig": "<τ_0_0 : _Concurrency.Actor>",
        "sugared_genericSig": "<Self : _Concurrency.Actor>",
        "conformances": [
          {
            "kind": "Conformance",
            "name": "Escapable",
            "printedName": "Escapable",
            "usr": "s:s9EscapableP",
            "mangledName": "$ss9EscapableP"
          },
          {
            "kind": "Conformance",
            "name": "Copyable",
            "printedName": "Copyable",
            "usr": "s:s8CopyableP",
            "mangledName": "$ss8CopyableP"
          },
          {
            "kind": "Conformance",
            "name": "Actor",
            "printedName": "Actor",
            "usr": "s:ScA",
            "mangledName": "$sScA"
          },
          {
            "kind": "Conformance",
            "name": "Sendable",
            "printedName": "Sendable",
            "usr": "s:s8SendableP",
            "mangledName": "$ss8SendableP"
          }
        ]
      },
      {
        "kind": "TypeDecl",
        "name": "UNNotificationAttachment",
        "printedName": "UNNotificationAttachment",
        "children": [
          {
            "kind": "Constructor",
            "name": "init",
            "printedName": "init(data:identifier:imageExtension:options:)",
            "children": [
              {
                "kind": "TypeNominal",
                "name": "UNNotificationAttachment",
                "printedName": "UserNotifications.UNNotificationAttachment",
                "usr": "c:objc(cs)UNNotificationAttachment"
              },
              {
                "kind": "TypeNominal",
                "name": "Data",
                "printedName": "Foundation.Data",
                "usr": "s:10Foundation4DataV"
              },
              {
                "kind": "TypeNominal",
                "name": "String",
                "printedName": "Swift.String",
                "usr": "s:SS"
              },
              {
                "kind": "TypeNominal",
                "name": "String",
                "printedName": "Swift.String",
                "usr": "s:SS"
              },
              {
                "kind": "TypeNominal",
                "name": "Optional",
                "printedName": "[ObjectiveC.NSObject : AnyObject]?",
                "children": [
                  {
                    "kind": "TypeNominal",
                    "name": "Dictionary",
                    "printedName": "[ObjectiveC.NSObject : AnyObject]",
                    "children": [
                      {
                        "kind": "TypeNominal",
                        "name": "NSObject",
                        "printedName": "ObjectiveC.NSObject",
                        "usr": "c:objc(cs)NSObject"
                      },
                      {
                        "kind": "TypeNominal",
                        "name": "ProtocolComposition",
                        "printedName": "AnyObject"
                      }
                    ],
                    "usr": "s:SD"
                  }
                ],
                "usr": "s:Sq"
              }
            ],
            "declKind": "Constructor",
            "usr": "s:So24UNNotificationAttachmentC37HydraPushNotificationServiceExtensionE4data10identifier05imageG07optionsAB10Foundation4DataV_S2SSDySo8NSObjectCyXlGSgtKcfc",
            "mangledName": "$sSo24UNNotificationAttachmentC37HydraPushNotificationServiceExtensionE4data10identifier05imageG07optionsAB10Foundation4DataV_S2SSDySo8NSObjectCyXlGSgtKcfc",
            "moduleName": "HydraPushNotificationServiceExtension",
            "declAttributes": [
              "Convenience",
              "RawDocComment"
            ],
            "isFromExtension": true,
            "throwing": true,
            "init_kind": "Convenience"
          }
        ],
        "declKind": "Class",
        "usr": "c:objc(cs)UNNotificationAttachment",
        "moduleName": "UserNotifications",
        "isOpen": true,
        "intro_iOS": "10.0",
        "objc_name": "UNNotificationAttachment",
        "declAttributes": [
          "Available",
          "ObjC",
          "Dynamic"
        ],
        "superclassUsr": "c:objc(cs)NSObject",
        "isExternal": true,
        "inheritsConvenienceInitializers": true,
        "superclassNames": [
          "ObjectiveC.NSObject"
        ],
        "conformances": [
          {
            "kind": "Conformance",
            "name": "Copyable",
            "printedName": "Copyable",
            "usr": "s:s8CopyableP",
            "mangledName": "$ss8CopyableP"
          },
          {
            "kind": "Conformance",
            "name": "Escapable",
            "printedName": "Escapable",
            "usr": "s:s9EscapableP",
            "mangledName": "$ss9EscapableP"
          },
          {
            "kind": "Conformance",
            "name": "Equatable",
            "printedName": "Equatable",
            "usr": "s:SQ",
            "mangledName": "$sSQ"
          },
          {
            "kind": "Conformance",
            "name": "Hashable",
            "printedName": "Hashable",
            "usr": "s:SH",
            "mangledName": "$sSH"
          },
          {
            "kind": "Conformance",
            "name": "CVarArg",
            "printedName": "CVarArg",
            "usr": "s:s7CVarArgP",
            "mangledName": "$ss7CVarArgP"
          },
          {
            "kind": "Conformance",
            "name": "_KeyValueCodingAndObservingPublishing",
            "printedName": "_KeyValueCodingAndObservingPublishing",
            "usr": "s:10Foundation37_KeyValueCodingAndObservingPublishingP",
            "mangledName": "$s10Foundation37_KeyValueCodingAndObservingPublishingP"
          },
          {
            "kind": "Conformance",
            "name": "_KeyValueCodingAndObserving",
            "printedName": "_KeyValueCodingAndObserving",
            "usr": "s:10Foundation27_KeyValueCodingAndObservingP",
            "mangledName": "$s10Foundation27_KeyValueCodingAndObservingP"
          },
          {
            "kind": "Conformance",
            "name": "CustomStringConvertible",
            "printedName": "CustomStringConvertible",
            "usr": "s:s23CustomStringConvertibleP",
            "mangledName": "$ss23CustomStringConvertibleP"
          },
          {
            "kind": "Conformance",
            "name": "CustomDebugStringConvertible",
            "printedName": "CustomDebugStringConvertible",
            "usr": "s:s28CustomDebugStringConvertibleP",
            "mangledName": "$ss28CustomDebugStringConvertibleP"
          }
        ]
      },
      {
        "kind": "TypeDecl",
        "name": "String",
        "printedName": "String",
        "children": [
          {
            "kind": "Var",
            "name": "toData",
            "printedName": "toData",
            "children": [
              {
                "kind": "TypeNominal",
                "name": "Data",
                "printedName": "Foundation.Data",
                "usr": "s:10Foundation4DataV"
              }
            ],
            "declKind": "Var",
            "usr": "s:SS37HydraPushNotificationServiceExtensionE6toData10Foundation0G0Vvp",
            "mangledName": "$sSS37HydraPushNotificationServiceExtensionE6toData10Foundation0G0Vvp",
            "moduleName": "HydraPushNotificationServiceExtension",
            "isFromExtension": true,
            "accessors": [
              {
                "kind": "Accessor",
                "name": "Get",
                "printedName": "Get()",
                "children": [
                  {
                    "kind": "TypeNominal",
                    "name": "Data",
                    "printedName": "Foundation.Data",
                    "usr": "s:10Foundation4DataV"
                  }
                ],
                "declKind": "Accessor",
                "usr": "s:SS37HydraPushNotificationServiceExtensionE6toData10Foundation0G0Vvg",
                "mangledName": "$sSS37HydraPushNotificationServiceExtensionE6toData10Foundation0G0Vvg",
                "moduleName": "HydraPushNotificationServiceExtension",
                "isFromExtension": true,
                "accessorKind": "get"
              }
            ]
          }
        ],
        "declKind": "Struct",
        "usr": "s:SS",
        "mangledName": "$sSS",
        "moduleName": "Swift",
        "declAttributes": [
          "EagerMove",
          "Frozen"
        ],
        "isExternal": true,
        "conformances": [
          {
            "kind": "Conformance",
            "name": "Copyable",
            "printedName": "Copyable",
            "usr": "s:s8CopyableP",
            "mangledName": "$ss8CopyableP"
          },
          {
            "kind": "Conformance",
            "name": "Escapable",
            "printedName": "Escapable",
            "usr": "s:s9EscapableP",
            "mangledName": "$ss9EscapableP"
          },
          {
            "kind": "Conformance",
            "name": "Decodable",
            "printedName": "Decodable",
            "usr": "s:Se",
            "mangledName": "$sSe"
          },
          {
            "kind": "Conformance",
            "name": "Encodable",
            "printedName": "Encodable",
            "usr": "s:SE",
            "mangledName": "$sSE"
          },
          {
            "kind": "Conformance",
            "name": "CodingKeyRepresentable",
            "printedName": "CodingKeyRepresentable",
            "usr": "s:s22CodingKeyRepresentableP",
            "mangledName": "$ss22CodingKeyRepresentableP"
          },
          {
            "kind": "Conformance",
            "name": "_HasContiguousBytes",
            "printedName": "_HasContiguousBytes",
            "usr": "s:s19_HasContiguousBytesP",
            "mangledName": "$ss19_HasContiguousBytesP"
          },
          {
            "kind": "Conformance",
            "name": "CustomReflectable",
            "printedName": "CustomReflectable",
            "usr": "s:s17CustomReflectableP",
            "mangledName": "$ss17CustomReflectableP"
          },
          {
            "kind": "Conformance",
            "name": "_CustomPlaygroundQuickLookable",
            "printedName": "_CustomPlaygroundQuickLookable",
            "usr": "s:s30_CustomPlaygroundQuickLookableP",
            "mangledName": "$ss30_CustomPlaygroundQuickLookableP"
          },
          {
            "kind": "Conformance",
            "name": "TextOutputStream",
            "printedName": "TextOutputStream",
            "usr": "s:s16TextOutputStreamP",
            "mangledName": "$ss16TextOutputStreamP"
          },
          {
            "kind": "Conformance",
            "name": "TextOutputStreamable",
            "printedName": "TextOutputStreamable",
            "usr": "s:s20TextOutputStreamableP",
            "mangledName": "$ss20TextOutputStreamableP"
          },
          {
            "kind": "Conformance",
            "name": "Hashable",
            "printedName": "Hashable",
            "usr": "s:SH",
            "mangledName": "$sSH"
          },
          {
            "kind": "Conformance",
            "name": "Sendable",
            "printedName": "Sendable",
            "usr": "s:s8SendableP",
            "mangledName": "$ss8SendableP"
          },
          {
            "kind": "Conformance",
            "name": "_ExpressibleByBuiltinUnicodeScalarLiteral",
            "printedName": "_ExpressibleByBuiltinUnicodeScalarLiteral",
            "usr": "s:s41_ExpressibleByBuiltinUnicodeScalarLiteralP",
            "mangledName": "$ss41_ExpressibleByBuiltinUnicodeScalarLiteralP"
          },
          {
            "kind": "Conformance",
            "name": "_ExpressibleByBuiltinExtendedGraphemeClusterLiteral",
            "printedName": "_ExpressibleByBuiltinExtendedGraphemeClusterLiteral",
            "usr": "s:s51_ExpressibleByBuiltinExtendedGraphemeClusterLiteralP",
            "mangledName": "$ss51_ExpressibleByBuiltinExtendedGraphemeClusterLiteralP"
          },
          {
            "kind": "Conformance",
            "name": "_ExpressibleByBuiltinStringLiteral",
            "printedName": "_ExpressibleByBuiltinStringLiteral",
            "usr": "s:s34_ExpressibleByBuiltinStringLiteralP",
            "mangledName": "$ss34_ExpressibleByBuiltinStringLiteralP"
          },
          {
            "kind": "Conformance",
            "name": "ExpressibleByStringLiteral",
            "printedName": "ExpressibleByStringLiteral",
            "children": [
              {
                "kind": "TypeWitness",
                "name": "StringLiteralType",
                "printedName": "StringLiteralType",
                "children": [
                  {
                    "kind": "TypeNominal",
                    "name": "String",
                    "printedName": "Swift.String",
                    "usr": "s:SS"
                  }
                ]
              }
            ],
            "usr": "s:s26ExpressibleByStringLiteralP",
            "mangledName": "$ss26ExpressibleByStringLiteralP"
          },
          {
            "kind": "Conformance",
            "name": "ExpressibleByExtendedGraphemeClusterLiteral",
            "printedName": "ExpressibleByExtendedGraphemeClusterLiteral",
            "children": [
              {
                "kind": "TypeWitness",
                "name": "ExtendedGraphemeClusterLiteralType",
                "printedName": "ExtendedGraphemeClusterLiteralType",
                "children": [
                  {
                    "kind": "TypeNominal",
                    "name": "String",
                    "printedName": "Swift.String",
                    "usr": "s:SS"
                  }
                ]
              }
            ],
            "usr": "s:s43ExpressibleByExtendedGraphemeClusterLiteralP",
            "mangledName": "$ss43ExpressibleByExtendedGraphemeClusterLiteralP"
          },
          {
            "kind": "Conformance",
            "name": "ExpressibleByUnicodeScalarLiteral",
            "printedName": "ExpressibleByUnicodeScalarLiteral",
            "children": [
              {
                "kind": "TypeWitness",
                "name": "UnicodeScalarLiteralType",
                "printedName": "UnicodeScalarLiteralType",
                "children": [
                  {
                    "kind": "TypeNominal",
                    "name": "String",
                    "printedName": "Swift.String",
                    "usr": "s:SS"
                  }
                ]
              }
            ],
            "usr": "s:s33ExpressibleByUnicodeScalarLiteralP",
            "mangledName": "$ss33ExpressibleByUnicodeScalarLiteralP"
          },
          {
            "kind": "Conformance",
            "name": "CustomDebugStringConvertible",
            "printedName": "CustomDebugStringConvertible",
            "usr": "s:s28CustomDebugStringConvertibleP",
            "mangledName": "$ss28CustomDebugStringConvertibleP"
          },
          {
            "kind": "Conformance",
            "name": "CustomStringConvertible",
            "printedName": "CustomStringConvertible",
            "usr": "s:s23CustomStringConvertibleP",
            "mangledName": "$ss23CustomStringConvertibleP"
          },
          {
            "kind": "Conformance",
            "name": "BidirectionalCollection",
            "printedName": "BidirectionalCollection",
            "children": [
              {
                "kind": "TypeWitness",
                "name": "Element",
                "printedName": "Element",
                "children": [
                  {
                    "kind": "TypeNominal",
                    "name": "Character",
                    "printedName": "Swift.Character",
                    "usr": "s:SJ"
                  }
                ]
              },
              {
                "kind": "TypeWitness",
                "name": "Index",
                "printedName": "Index",
                "children": [
                  {
                    "kind": "TypeNominal",
                    "name": "Index",
                    "printedName": "Swift.String.Index",
                    "usr": "s:SS5IndexV"
                  }
                ]
              },
              {
                "kind": "TypeWitness",
                "name": "SubSequence",
                "printedName": "SubSequence",
                "children": [
                  {
                    "kind": "TypeNominal",
                    "name": "Substring",
                    "printedName": "Swift.Substring",
                    "usr": "s:Ss"
                  }
                ]
              },
              {
                "kind": "TypeWitness",
                "name": "Indices",
                "printedName": "Indices",
                "children": [
                  {
                    "kind": "TypeNominal",
                    "name": "DefaultIndices",
                    "printedName": "Swift.DefaultIndices<Swift.String>",
                    "children": [
                      {
                        "kind": "TypeNominal",
                        "name": "String",
                        "printedName": "Swift.String",
                        "usr": "s:SS"
                      }
                    ],
                    "usr": "s:SI"
                  }
                ]
              }
            ],
            "usr": "s:SK",
            "mangledName": "$sSK"
          },
          {
            "kind": "Conformance",
            "name": "Collection",
            "printedName": "Collection",
            "children": [
              {
                "kind": "TypeWitness",
                "name": "Element",
                "printedName": "Element",
                "children": [
                  {
                    "kind": "TypeNominal",
                    "name": "Character",
                    "printedName": "Swift.Character",
                    "usr": "s:SJ"
                  }
                ]
              },
              {
                "kind": "TypeWitness",
                "name": "Index",
                "printedName": "Index",
                "children": [
                  {
                    "kind": "TypeNominal",
                    "name": "Index",
                    "printedName": "Swift.String.Index",
                    "usr": "s:SS5IndexV"
                  }
                ]
              },
              {
                "kind": "TypeWitness",
                "name": "Iterator",
                "printedName": "Iterator",
                "children": [
                  {
                    "kind": "TypeNominal",
                    "name": "Iterator",
                    "printedName": "Swift.String.Iterator",
                    "usr": "s:SS8IteratorV"
                  }
                ]
              },
              {
                "kind": "TypeWitness",
                "name": "SubSequence",
                "printedName": "SubSequence",
                "children": [
                  {
                    "kind": "TypeNominal",
                    "name": "Substring",
                    "printedName": "Swift.Substring",
                    "usr": "s:Ss"
                  }
                ]
              },
              {
                "kind": "TypeWitness",
                "name": "Indices",
                "printedName": "Indices",
                "children": [
                  {
                    "kind": "TypeNominal",
                    "name": "DefaultIndices",
                    "printedName": "Swift.DefaultIndices<Swift.String>",
                    "children": [
                      {
                        "kind": "TypeNominal",
                        "name": "String",
                        "printedName": "Swift.String",
                        "usr": "s:SS"
                      }
                    ],
                    "usr": "s:SI"
                  }
                ]
              }
            ],
            "usr": "s:Sl",
            "mangledName": "$sSl"
          },
          {
            "kind": "Conformance",
            "name": "Sequence",
            "printedName": "Sequence",
            "children": [
              {
                "kind": "TypeWitness",
                "name": "Element",
                "printedName": "Element",
                "children": [
                  {
                    "kind": "TypeNominal",
                    "name": "Character",
                    "printedName": "Swift.Character",
                    "usr": "s:SJ"
                  }
                ]
              },
              {
                "kind": "TypeWitness",
                "name": "Iterator",
                "printedName": "Iterator",
                "children": [
                  {
                    "kind": "TypeNominal",
                    "name": "Iterator",
                    "printedName": "Swift.String.Iterator",
                    "usr": "s:SS8IteratorV"
                  }
                ]
              }
            ],
            "usr": "s:ST",
            "mangledName": "$sST"
          },
          {
            "kind": "Conformance",
            "name": "Equatable",
            "printedName": "Equatable",
            "usr": "s:SQ",
            "mangledName": "$sSQ"
          },
          {
            "kind": "Conformance",
            "name": "Comparable",
            "printedName": "Comparable",
            "usr": "s:SL",
            "mangledName": "$sSL"
          },
          {
            "kind": "Conformance",
            "name": "StringProtocol",
            "printedName": "StringProtocol",
            "children": [
              {
                "kind": "TypeWitness",
                "name": "UTF8View",
                "printedName": "UTF8View",
                "children": [
                  {
                    "kind": "TypeNominal",
                    "name": "UTF8View",
                    "printedName": "Swift.String.UTF8View",
                    "usr": "s:SS8UTF8ViewV"
                  }
                ]
              },
              {
                "kind": "TypeWitness",
                "name": "UTF16View",
                "printedName": "UTF16View",
                "children": [
                  {
                    "kind": "TypeNominal",
                    "name": "UTF16View",
                    "printedName": "Swift.String.UTF16View",
                    "usr": "s:SS9UTF16ViewV"
                  }
                ]
              },
              {
                "kind": "TypeWitness",
                "name": "UnicodeScalarView",
                "printedName": "UnicodeScalarView",
                "children": [
                  {
                    "kind": "TypeNominal",
                    "name": "UnicodeScalarView",
                    "printedName": "Swift.String.UnicodeScalarView",
                    "usr": "s:SS17UnicodeScalarViewV"
                  }
                ]
              },
              {
                "kind": "TypeWitness",
                "name": "SubSequence",
                "printedName": "SubSequence",
                "children": [
                  {
                    "kind": "TypeNominal",
                    "name": "Substring",
                    "printedName": "Swift.Substring",
                    "usr": "s:Ss"
                  }
                ]
              }
            ],
            "usr": "s:Sy",
            "mangledName": "$sSy"
          },
          {
            "kind": "Conformance",
            "name": "ExpressibleByStringInterpolation",
            "printedName": "ExpressibleByStringInterpolation",
            "children": [
              {
                "kind": "TypeWitness",
                "name": "StringInterpolation",
                "printedName": "StringInterpolation",
                "children": [
                  {
                    "kind": "TypeNominal",
                    "name": "DefaultStringInterpolation",
                    "printedName": "Swift.DefaultStringInterpolation",
                    "usr": "s:s26DefaultStringInterpolationV"
                  }
                ]
              }
            ],
            "usr": "s:s32ExpressibleByStringInterpolationP",
            "mangledName": "$ss32ExpressibleByStringInterpolationP"
          },
          {
            "kind": "Conformance",
            "name": "LosslessStringConvertible",
            "printedName": "LosslessStringConvertible",
            "usr": "s:s25LosslessStringConvertibleP",
            "mangledName": "$ss25LosslessStringConvertibleP"
          },
          {
            "kind": "Conformance",
            "name": "RangeReplaceableCollection",
            "printedName": "RangeReplaceableCollection",
            "children": [
              {
                "kind": "TypeWitness",
                "name": "SubSequence",
                "printedName": "SubSequence",
                "children": [
                  {
                    "kind": "TypeNominal",
                    "name": "Substring",
                    "printedName": "Swift.Substring",
                    "usr": "s:Ss"
                  }
                ]
              }
            ],
            "usr": "s:Sm",
            "mangledName": "$sSm"
          },
          {
            "kind": "Conformance",
            "name": "MirrorPath",
            "printedName": "MirrorPath",
            "usr": "s:s10MirrorPathP",
            "mangledName": "$ss10MirrorPathP"
          },
          {
            "kind": "Conformance",
            "name": "_ObjectiveCBridgeable",
            "printedName": "_ObjectiveCBridgeable",
            "children": [
              {
                "kind": "TypeWitness",
                "name": "_ObjectiveCType",
                "printedName": "_ObjectiveCType",
                "children": [
                  {
                    "kind": "TypeNominal",
                    "name": "NSString",
                    "printedName": "Foundation.NSString",
                    "usr": "c:objc(cs)NSString"
                  }
                ]
              }
            ],
            "usr": "s:s21_ObjectiveCBridgeableP",
            "mangledName": "$ss21_ObjectiveCBridgeableP"
          },
          {
            "kind": "Conformance",
            "name": "CVarArg",
            "printedName": "CVarArg",
            "usr": "s:s7CVarArgP",
            "mangledName": "$ss7CVarArgP"
          },
          {
            "kind": "Conformance",
            "name": "Transferable",
            "printedName": "Transferable",
            "children": [
              {
                "kind": "TypeWitness",
                "name": "Representation",
                "printedName": "Representation",
                "children": [
                  {
                    "kind": "TypeNominal",
                    "name": "OpaqueTypeArchetype",
                    "printedName": "some CoreTransferable.TransferRepresentation",
                    "children": [
                      {
                        "kind": "TypeNominal",
                        "name": "TransferRepresentation",
                        "printedName": "CoreTransferable.TransferRepresentation",
                        "usr": "s:16CoreTransferable22TransferRepresentationP"
                      }
                    ]
                  }
                ]
              }
            ],
            "usr": "s:16CoreTransferable0B0P",
            "mangledName": "$s16CoreTransferable0B0P"
          }
        ]
      },
      {
        "kind": "TypeDecl",
        "name": "UNNotificationRequest",
        "printedName": "UNNotificationRequest",
        "children": [
          {
            "kind": "Function",
            "name": "from",
            "printedName": "from(imageURL:with:)",
            "children": [
              {
                "kind": "TypeNominal",
                "name": "Optional",
                "printedName": "UserNotifications.UNNotificationAttachment?",
                "children": [
                  {
                    "kind": "TypeNominal",
                    "name": "UNNotificationAttachment",
                    "printedName": "UserNotifications.UNNotificationAttachment",
                    "usr": "c:objc(cs)UNNotificationAttachment"
                  }
                ],
                "usr": "s:Sq"
              },
              {
                "kind": "TypeNominal",
                "name": "String",
                "printedName": "Swift.String",
                "usr": "s:SS"
              },
              {
                "kind": "TypeNominal",
                "name": "HydraNotificationPayload",
                "printedName": "HydraCore.HydraNotificationPayload",
                "usr": "s:9HydraCore0A19NotificationPayloadV"
              }
            ],
            "declKind": "Func",
            "usr": "s:So21UNNotificationRequestC37HydraPushNotificationServiceExtensionE4from8imageURL4withSo0A10AttachmentCSgSS_0C4Core0cE7PayloadVtF",
            "mangledName": "$sSo21UNNotificationRequestC37HydraPushNotificationServiceExtensionE4from8imageURL4withSo0A10AttachmentCSgSS_0C4Core0cE7PayloadVtF",
            "moduleName": "HydraPushNotificationServiceExtension",
            "isOpen": true,
            "declAttributes": [
              "RawDocComment"
            ],
            "isFromExtension": true,
            "funcSelfKind": "NonMutating"
          }
        ],
        "declKind": "Class",
        "usr": "c:objc(cs)UNNotificationRequest",
        "moduleName": "UserNotifications",
        "isOpen": true,
        "intro_iOS": "10.0",
        "objc_name": "UNNotificationRequest",
        "declAttributes": [
          "Available",
          "ObjC",
          "Dynamic"
        ],
        "superclassUsr": "c:objc(cs)NSObject",
        "isExternal": true,
        "inheritsConvenienceInitializers": true,
        "superclassNames": [
          "ObjectiveC.NSObject"
        ],
        "conformances": [
          {
            "kind": "Conformance",
            "name": "Copyable",
            "printedName": "Copyable",
            "usr": "s:s8CopyableP",
            "mangledName": "$ss8CopyableP"
          },
          {
            "kind": "Conformance",
            "name": "Escapable",
            "printedName": "Escapable",
            "usr": "s:s9EscapableP",
            "mangledName": "$ss9EscapableP"
          },
          {
            "kind": "Conformance",
            "name": "Equatable",
            "printedName": "Equatable",
            "usr": "s:SQ",
            "mangledName": "$sSQ"
          },
          {
            "kind": "Conformance",
            "name": "Hashable",
            "printedName": "Hashable",
            "usr": "s:SH",
            "mangledName": "$sSH"
          },
          {
            "kind": "Conformance",
            "name": "CVarArg",
            "printedName": "CVarArg",
            "usr": "s:s7CVarArgP",
            "mangledName": "$ss7CVarArgP"
          },
          {
            "kind": "Conformance",
            "name": "_KeyValueCodingAndObservingPublishing",
            "printedName": "_KeyValueCodingAndObservingPublishing",
            "usr": "s:10Foundation37_KeyValueCodingAndObservingPublishingP",
            "mangledName": "$s10Foundation37_KeyValueCodingAndObservingPublishingP"
          },
          {
            "kind": "Conformance",
            "name": "_KeyValueCodingAndObserving",
            "printedName": "_KeyValueCodingAndObserving",
            "usr": "s:10Foundation27_KeyValueCodingAndObservingP",
            "mangledName": "$s10Foundation27_KeyValueCodingAndObservingP"
          },
          {
            "kind": "Conformance",
            "name": "CustomStringConvertible",
            "printedName": "CustomStringConvertible",
            "usr": "s:s23CustomStringConvertibleP",
            "mangledName": "$ss23CustomStringConvertibleP"
          },
          {
            "kind": "Conformance",
            "name": "CustomDebugStringConvertible",
            "printedName": "CustomDebugStringConvertible",
            "usr": "s:s28CustomDebugStringConvertibleP",
            "mangledName": "$ss28CustomDebugStringConvertibleP"
          }
        ]
      }
    ],
    "json_format_version": 8
  },
  "ConstValues": []
}